{
  "mot_desired": 
  [
    {
      "direction": -1,
      "shoulder_angle": 180,
      "elbow_angle": [[90, 130]]
    },
    {
      "direction": 1,
      "shoulder_angle": 0,
      "elbow_angle": [[0, 130]]
    }
  ],

  "file": 
  {
    "model": "arm26_5000g.osim",
    "setup_cmc": "xml_setup_CMC.xml",
    "setup_fwd": "xml_setup_FWD.xml"
  },

  "interest": 
  {
    "muscle_name": [["TRIlong"], ["BICshort"]],
    "param_bool": [[1, 1, 1], [1, 1, 1]]
  },
  
  "sa_settings": 
  {
    "perturbation": 0.15,
    "sample": 500
  }

}