{
  "mot_desired": 
  [
    {
      "direction": 1,
      "shoulder_angle": 0,
      "elbow_angle": [[0, 90]]
    },
    {
      "direction": 1,
      "shoulder_angle": 0,
      "elbow_angle": [[0, 130]]
    }
  ],

  "mot_validate": 
  {
    "direction": -1,
    "shoulder_angle": 180,
    "elbow_angle": [[0, 90]]
  },

  "file": 
  {
    "model": "arm26_2500g.osim",
    "setup_cmc": "xml_setup_CMC.xml",
    "setup_fwd": "xml_setup_FWD.xml"
  },

  "interest": 
  {
    "muscle_name": [["BIClong"], ["BICshort"]],
    "param_bool": [[1, 1, 1], [1, 1, 1]]
  },

  "opt_settings": 
  {
    "lb": [[100, 0.05, 0.05], [100, 0.05, 0.05]],
    "ub": [[1000, 0.35, 0.35], [1000, 0.35, 0.35]]
  }
}