<?xml version="1.0" encoding="UTF-8"?>
<OpenSimDocument Version="20302">
	<ControlSet name="Control Set">
	<defaults>
		<ControlLinear name="default">
			<is_model_control> true </is_model_control>
			<extrapolate> true </extrapolate>
			<default_min>       0.00100000 </default_min>
			<default_max>       1.00000000 </default_max>
			<filter_on> false </filter_on>
			<use_steps> true </use_steps>
			<x_nodes/>
			<min_nodes/>
			<max_nodes/>
			<kp>     100.00000000 </kp>
			<kv>      20.00000000 </kv>
		</ControlLinear>
	</defaults>
	<objects>
		<ControlLinear name="TRIlong.excitation">
			<is_model_control> true </is_model_control>
			<extrapolate> true </extrapolate>
			<default_min>       0.00100000 </default_min>
			<default_max>       1.00000000 </default_max>
			<filter_on> false </filter_on>
			<use_steps> true </use_steps>
			<x_nodes/>
			<min_nodes/>
			<max_nodes/>
			<kp>     100.00000000 </kp>
			<kv>      20.00000000 </kv>
		</ControlLinear>
		<ControlLinear name="TRIlat.excitation">
			<is_model_control> true </is_model_control>
			<extrapolate> true </extrapolate>
			<default_min>       0.00100000 </default_min>
			<default_max>       1.00000000 </default_max>
			<filter_on> false </filter_on>
			<use_steps> true </use_steps>
			<x_nodes/>
			<min_nodes/>
			<max_nodes/>
			<kp>     100.00000000 </kp>
			<kv>      20.00000000 </kv>
		</ControlLinear>
		<ControlLinear name="TRImed.excitation">
			<is_model_control> true </is_model_control>
			<extrapolate> true </extrapolate>
			<default_min>       0.00100000 </default_min>
			<default_max>       1.00000000 </default_max>
			<filter_on> false </filter_on>
			<use_steps> true </use_steps>
			<x_nodes/>
			<min_nodes/>
			<max_nodes/>
			<kp>     100.00000000 </kp>
			<kv>      20.00000000 </kv>
		</ControlLinear>
		<ControlLinear name="BIClong.excitation">
			<is_model_control> true </is_model_control>
			<extrapolate> true </extrapolate>
			<default_min>       0.00100000 </default_min>
			<default_max>       1.00000000 </default_max>
			<filter_on> false </filter_on>
			<use_steps> true </use_steps>
			<x_nodes/>
			<min_nodes/>
			<max_nodes/>
			<kp>     100.00000000 </kp>
			<kv>      20.00000000 </kv>
		</ControlLinear>
		<ControlLinear name="BICshort.excitation">
			<is_model_control> true </is_model_control>
			<extrapolate> true </extrapolate>
			<default_min>       0.00100000 </default_min>
			<default_max>       1.00000000 </default_max>
			<filter_on> false </filter_on>
			<use_steps> true </use_steps>
			<x_nodes/>
			<min_nodes/>
			<max_nodes/>
			<kp>     100.00000000 </kp>
			<kv>      20.00000000 </kv>
		</ControlLinear>
		<ControlLinear name="BRA.excitation">
			<is_model_control> true </is_model_control>
			<extrapolate> true </extrapolate>
			<default_min>       0.00100000 </default_min>
			<default_max>       1.00000000 </default_max>
			<filter_on> false </filter_on>
			<use_steps> true </use_steps>
			<x_nodes/>
			<min_nodes/>
			<max_nodes/>
			<kp>     100.00000000 </kp>
			<kv>      20.00000000 </kv>
		</ControlLinear>
	</objects>
		<groups/>
	</ControlSet>
</OpenSimDocument>
